Sample_Id,Latitude,Longitude,Midpoint_Date_Local,Year,Month,Chlorophyll_Index,101,102,103,108,112,113,116,117,121,122,123,124,125,126,127,128,130,157,165,166,168,169,175,177,187,195,198,199,224,251,255,259,812,814,980,1000,1001,1602,1612,1624,1679,10509,10510,10513,10527,10615,10620,10623,10624,10684,10712
466MC-1,43.147,-65.897,1/27/16 22:18,2016,1,1,0,0,0,0,0,0,0,0,0,0,0,0,0,0,0,0,0,0,0,0,0,0,0,0,0,0,15000,0,0,0,0,0,0,0,0,0,0,0,0,0,0,0,0,0,0,0,0,0,0,0,0
466MC-3,43.205,-66.347,1/27/16 23:36,2016,1,1,0,0,0,0,0,0,0,0,0,0,0,0,0,0,0,0,0,0,0,0,0,0,0,0,0,0,0,0,0,0,0,0,0,0,0,0,0,0,0,0,0,0,0,0,0,0,0,0,0,0,0
466MC-5,43.263,-66.797,1/28/16 0:55,2016,1,1,0,0,0,0,0,0,0,0,0,0,0,0,0,0,0,0,0,0,0,0,0,0,0,0,0,0,0,0,0,0,0,0,0,0,0,0,0,0,0,0,0,0,0,0,0,0,0,0,0,0,0
466MC-7,43.318,-67.25,1/28/16 2:11,2016,1,1,0,0,0,0,0,0,0,0,0,0,0,0,15000,15000,0,0,0,0,0,0,0,0,0,0,0,0,0,0,0,0,0,0,0,0,0,0,0,0,0,0,0,0,0,0,0,0,0,0,0,0,0
466MC-9,43.37,-67.702,1/28/16 3:30,2016,1,1,0,0,0,0,0,0,0,0,0,0,0,0,0,0,0,0,0,0,0,0,0,0,0,0,0,0,0,0,0,0,0,0,0,0,0,0,0,0,0,0,0,0,0,0,0,0,0,0,0,0,0
466MC-11,43.422,-68.155,1/28/16 4:47,2016,1,1,0,0,0,0,0,0,0,0,0,0,0,0,0,0,0,0,0,0,0,0,0,0,0,0,0,0,0,0,0,0,0,0,0,0,0,0,0,0,0,0,0,0,0,0,0,0,0,0,0,0,0
466MC-13,43.472,-68.608,1/28/16 6:05,2016,1,1,0,0,0,0,0,0,0,0,0,0,0,0,0,0,0,0,0,0,0,0,0,0,0,0,0,0,0,0,0,0,0,0,0,0,0,0,0,0,0,0,0,0,0,0,0,0,0,0,0,0,0
466MC-15,43.52,-69.065,1/28/16 7:22,2016,1,1,0,0,15000,0,0,0,0,0,15000,0,0,0,0,0,0,0,0,0,0,0,0,0,0,0,0,0,0,0,0,0,0,0,0,0,0,0,0,0,0,0,0,0,0,0,0,0,0,0,0,0,0
466MC-17,43.565,-69.52,1/28/16 8:41,2016,1,1,0,0,0,0,0,0,0,0,15000,0,0,0,0,0,0,0,0,0,0,0,0,0,0,0,0,0,0,0,0,0,0,0,0,0,0,0,0,0,0,0,0,0,0,0,0,0,0,0,0,0,0
468MC-1,43.217,-65.735,4/9/16 14:38,2016,4,1,15000,0,35000,0,15000,0,0,0,0,0,0,0,0,0,0,0,0,0,0,0,0,0,0,0,0,0,0,0,0,0,0,0,0,15000,0,0,0,0,0,0,0,0,0,0,0,0,0,0,0,0,15000
468MC-3,43.265,-66.18,4/9/16 16:04,2016,4,1,0,0,0,0,0,0,0,0,0,0,0,0,0,0,0,0,0,0,0,0,0,0,0,0,0,0,0,0,0,0,0,0,0,0,0,0,0,0,0,0,0,0,0,0,0,0,0,0,0,0,0
468MC-5,43.313,-66.632,4/9/16 17:32,2016,4,1,0,0,0,0,0,0,0,0,0,0,0,0,0,0,0,0,0,0,0,0,0,0,0,0,0,0,15000,0,0,0,0,0,0,0,0,0,0,0,0,0,0,0,0,0,0,0,0,0,0,0,0
468MC-7,43.358,-67.087,4/9/16 18:59,2016,4,1,0,0,65000,0,0,15000,0,0,0,0,0,0,0,0,0,0,0,0,0,0,15000,0,0,0,0,0,0,0,0,0,0,0,0,0,0,0,0,0,0,0,0,0,0,0,0,0,0,0,0,0,0
468MC-9,43.402,-67.54,4/9/16 20:27,2016,4,1,0,0,15000,0,0,0,0,0,0,0,0,0,0,0,0,0,0,0,0,0,0,0,0,0,0,0,0,0,0,0,0,0,0,0,0,0,0,0,0,0,0,0,0,0,0,0,0,0,0,0,0
468MC-11,43.445,-67.997,4/9/16 21:56,2016,4,1,0,0,65000,0,0,15000,0,0,0,0,0,0,0,0,0,0,0,0,0,0,0,0,0,0,0,0,15000,0,0,0,0,0,0,0,0,0,0,0,0,0,0,0,0,0,15000,0,0,0,0,0,0
468MC-13,43.485,-68.453,4/9/16 23:22,2016,4,1,0,0,0,0,0,0,0,0,0,0,0,0,0,0,0,0,0,0,0,0,0,0,0,0,0,0,0,0,0,0,0,0,0,0,0,0,0,0,0,0,0,0,0,0,0,0,0,0,0,0,0
468MC-15,43.523,-68.908,4/10/16 0:51,2016,4,1,0,0,35000,0,0,15000,0,0,0,0,0,0,0,0,0,0,0,0,0,0,0,0,0,0,0,0,0,0,0,0,0,0,0,0,0,0,0,0,0,0,0,0,0,0,0,0,0,0,0,0,0
468MC-17,43.56,-69.367,4/10/16 2:18,2016,4,1,0,0,15000,0,0,0,0,0,0,0,0,0,0,0,0,0,0,0,0,0,0,0,0,0,0,0,0,0,0,0,0,0,0,0,0,0,0,0,0,0,0,0,0,0,0,0,0,0,0,0,0
468MC-19,43.595,-69.823,4/10/16 3:47,2016,4,2,0,0,420000,0,0,0,0,0,0,0,0,0,0,0,0,0,0,0,0,0,0,0,0,0,0,0,0,0,0,0,0,0,0,0,0,0,0,0,0,0,0,0,0,0,0,0,0,0,0,0,0
469MC-1,43.367,-65.405,5/13/16 17:43,2016,5,2,0,0,35000,0,0,0,0,0,15000,0,0,0,0,0,15000,0,0,0,0,0,0,0,0,0,0,0,0,0,0,0,15000,0,0,0,0,0,0,0,0,0,0,0,0,0,0,0,0,0,0,0,0
469MC-3,43.4,-65.862,5/13/16 18:58,2016,5,2,0,0,35000,0,0,0,0,0,0,0,0,15000,0,0,0,0,0,0,0,0,0,0,0,0,0,0,15000,0,0,0,0,0,0,0,0,0,0,0,0,0,0,0,0,0,0,0,0,0,0,0,0
469MC-5,43.432,-66.317,5/13/16 20:13,2016,5,2,0,0,15000,0,0,0,0,0,0,0,0,15000,0,0,0,0,0,0,0,0,0,0,0,0,0,0,0,0,0,0,0,0,0,0,0,0,0,0,0,0,0,0,0,0,0,0,0,0,0,0,0
469MC-7,43.462,-66.775,5/13/16 21:29,2016,5,1,0,0,15000,0,0,0,0,0,0,0,0,0,0,0,0,0,0,0,0,0,0,0,0,0,0,0,0,0,0,0,0,0,0,0,0,0,0,0,0,0,0,0,0,0,0,0,0,0,0,0,0
469MC-9,43.49,-67.233,5/13/16 22:42,2016,5,1,0,0,35000,0,0,0,0,0,0,0,0,15000,0,0,15000,0,0,0,0,0,0,0,0,0,0,0,0,0,0,0,0,0,0,0,0,0,0,0,0,0,0,0,0,0,0,0,0,0,0,0,0
469MC-11,43.515,-67.69,5/13/16 23:58,2016,5,1,0,0,130000,0,15000,0,0,0,0,0,0,0,0,0,0,0,0,0,0,0,0,0,0,0,0,0,0,0,0,0,0,0,0,0,0,0,0,0,0,0,0,0,0,0,0,0,0,0,0,0,0
469MC-13,43.54,-68.15,5/14/16 1:12,2016,5,1,0,0,130000,0,0,0,0,0,0,0,0,0,0,0,0,0,0,0,0,0,0,0,0,0,0,0,0,0,0,0,0,0,0,0,0,0,0,0,0,0,0,0,0,0,0,0,0,0,0,0,0
469MC-15,43.562,-68.608,5/14/16 2:28,2016,5,1,0,0,65000,0,35000,0,0,0,0,0,0,0,0,0,15000,0,0,0,0,0,0,0,0,0,0,0,0,0,0,0,0,0,0,0,0,0,0,0,0,0,0,0,0,0,0,0,0,0,0,0,0
469MC-17,43.583,-69.067,5/14/16 3:42,2016,5,1,0,0,15000,0,0,0,0,0,0,0,0,0,0,15000,0,0,0,0,0,0,0,0,0,0,0,15000,0,0,0,0,0,0,0,0,0,0,0,0,0,0,0,0,15000,0,0,15000,0,0,0,0,0
469MC-19,43.602,-69.527,5/14/16 4:58,2016,5,1,0,0,130000,0,0,0,0,0,0,0,0,0,0,0,0,0,0,0,0,0,0,0,0,0,0,0,0,0,0,0,0,0,0,0,0,0,0,0,0,0,0,0,0,0,0,0,0,0,0,0,0
470MC-1,43.192,-65.715,6/17/16 0:42,2016,6,1,0,0,0,0,0,0,0,0,0,0,0,0,0,0,0,0,0,0,0,0,0,0,0,0,0,0,0,0,0,0,0,0,0,0,0,0,0,0,0,0,0,0,0,0,0,0,0,0,0,0,0
470MC-3,43.245,-66.167,6/17/16 1:51,2016,6,1,0,0,0,0,0,0,0,0,0,0,0,0,0,0,0,0,0,0,0,0,0,0,0,0,0,0,0,0,0,0,0,0,0,0,0,0,0,0,0,0,0,0,0,0,0,0,0,0,0,0,0
470MC-5,43.295,-66.62,6/17/16 3:01,2016,6,1,0,0,0,0,0,0,0,0,15000,0,0,0,0,0,15000,0,0,0,0,0,0,0,0,0,0,0,0,0,0,0,0,0,0,0,0,0,0,0,0,0,0,0,0,0,0,0,0,0,0,0,0
470MC-7,43.343,-67.073,6/17/16 4:09,2016,6,1,0,0,0,0,0,0,0,0,15000,15000,0,15000,0,35000,0,35000,0,0,0,0,0,0,0,0,0,0,0,0,0,0,15000,0,0,0,0,15000,0,0,0,0,0,0,0,0,0,0,0,0,0,0,0
470MC-9,43.39,-67.527,6/17/16 5:20,2016,6,1,0,0,0,0,0,0,0,0,0,0,0,0,0,0,15000,0,0,0,0,0,0,0,0,0,0,0,0,0,0,0,0,0,0,0,0,0,0,0,0,0,0,0,0,0,0,0,0,0,0,0,0
470MC-11,43.435,-67.982,6/17/16 6:30,2016,6,1,0,0,0,0,0,0,0,0,0,15000,0,0,0,15000,0,0,0,0,0,0,0,0,0,0,0,0,0,0,0,0,0,0,0,0,0,0,0,0,0,0,0,0,0,0,0,0,0,0,0,0,0
470MC-13,43.478,-68.437,6/17/16 7:38,2016,6,1,0,0,0,0,0,0,0,0,0,0,0,0,0,0,0,0,0,0,0,0,0,0,0,0,0,0,0,0,0,0,0,0,0,0,0,0,0,0,0,0,0,0,0,0,0,0,0,0,0,0,0
470MC-15,43.518,-68.892,6/17/16 8:49,2016,6,1,0,0,65000,0,0,0,0,0,15000,0,0,0,0,0,0,35000,0,0,0,0,0,0,0,0,0,0,0,0,0,0,0,0,15000,0,0,0,0,0,0,0,0,0,0,0,0,0,0,0,0,0,0
470MC-17,43.558,-69.348,6/17/16 9:58,2016,6,1,0,0,0,0,0,0,0,0,0,0,0,0,0,15000,0,0,0,0,0,0,0,0,0,0,0,0,0,0,0,0,0,0,0,0,0,0,0,0,0,0,0,0,0,0,0,0,0,0,0,0,0
471MC-1,43.208,-65.725,7/21/16 13:41,2016,7,1,0,0,0,0,0,0,0,0,15000,0,0,0,0,0,0,0,0,0,0,0,0,0,0,0,0,0,0,0,0,0,0,0,0,0,0,0,0,0,0,0,0,0,0,0,0,0,0,0,0,0,0
471MC-3,43.258,-66.177,7/21/16 15:14,2016,7,1,0,0,0,0,0,0,0,0,0,0,0,0,0,0,0,0,0,0,0,0,0,0,0,0,0,0,0,0,0,0,0,0,0,0,0,0,0,0,0,0,0,0,0,0,0,0,0,0,0,0,0
471MC-5,43.307,-66.632,7/21/16 16:49,2016,7,1,0,0,0,0,0,0,0,0,0,0,0,0,0,0,0,0,0,0,0,0,0,0,0,0,0,0,0,0,0,0,0,0,0,0,0,0,0,0,0,0,0,0,0,0,0,0,0,0,0,0,0
471MC-7,43.352,-67.085,7/21/16 18:22,2016,7,2,0,0,0,0,0,0,0,0,35000,15000,0,0,0,0,35000,0,0,0,0,0,0,0,0,0,0,0,0,0,0,0,0,0,0,0,0,0,0,0,0,0,0,0,0,0,0,0,35000,0,0,0,0
471MC-9,43.397,-67.54,7/21/16 19:57,2016,7,1,0,0,0,0,0,0,0,0,0,15000,0,0,0,0,0,0,0,0,0,0,0,0,0,0,0,0,0,0,0,0,0,0,0,0,0,0,0,0,0,0,0,0,0,0,0,0,0,0,0,0,0
471MC-11,43.438,-67.995,7/21/16 21:32,2016,7,1,0,0,0,0,0,0,0,0,15000,15000,0,0,0,0,15000,0,0,0,0,0,0,0,0,0,0,0,0,0,0,0,0,0,0,0,0,0,0,0,0,0,0,0,0,0,0,0,0,0,0,0,0
471MC-13,43.478,-68.45,7/21/16 23:05,2016,7,1,0,0,0,0,0,0,0,0,35000,0,15000,15000,0,0,15000,0,0,0,0,0,0,0,0,0,0,0,0,0,0,15000,0,0,0,0,0,0,0,15000,0,0,0,0,0,0,0,0,0,0,0,0,0
471MC-15,43.518,-68.907,7/22/16 0:40,2016,7,1,0,0,15000,0,0,0,0,0,15000,15000,15000,0,0,0,15000,0,0,0,0,0,0,0,0,0,0,0,15000,0,0,0,0,0,0,0,0,0,0,0,0,0,0,0,0,0,0,0,15000,0,0,0,0
471MC-17,43.555,-69.363,7/22/16 2:14,2016,7,1,0,0,0,0,0,0,0,0,0,0,0,0,0,0,0,0,0,0,0,0,0,0,0,0,0,0,0,0,0,0,0,0,0,0,0,0,0,0,0,0,0,0,0,0,0,0,0,0,0,0,0
471MC-19,43.59,-69.822,7/22/16 3:49,2016,7,1,0,0,0,0,0,0,0,0,0,0,0,0,0,0,0,0,0,0,0,0,0,0,0,0,0,0,0,0,0,0,0,0,0,0,0,0,0,0,0,0,0,0,0,0,0,0,0,0,0,0,0
472MC-1,43.225,-65.63,8/25/16 12:21,2016,8,2,0,0,15000,0,0,15000,0,0,35000,15000,0,15000,0,15000,15000,0,65000,0,0,0,0,0,0,0,0,15000,0,0,0,0,15000,0,0,0,0,0,0,0,0,0,0,15000,0,15000,0,0,0,0,0,0,0
472MC-3,43.272,-66.083,8/25/16 14:00,2016,8,2,0,0,0,0,0,15000,0,0,0,0,0,0,0,0,0,0,0,0,0,0,0,0,0,0,0,15000,0,0,0,0,0,0,0,0,15000,0,0,0,0,0,0,0,0,15000,0,0,15000,0,0,0,0
472MC-5,43.317,-66.537,8/25/16 15:41,2016,8,2,0,0,15000,0,35000,35000,0,0,15000,15000,0,0,0,0,0,0,0,0,0,0,0,0,0,0,0,0,15000,0,0,0,0,0,0,0,0,0,0,0,0,0,0,0,0,0,0,0,0,0,0,0,0
472MC-7,43.36,-66.99,8/25/16 17:23,2016,8,2,0,0,170000,0,0,15000,0,0,35000,130000,0,35000,15000,0,0,0,15000,0,0,15000,0,0,0,0,0,15000,65000,0,0,0,0,0,0,0,0,0,0,0,0,0,0,0,0,15000,0,0,0,0,0,0,0
472MC-9,43.402,-67.445,8/25/16 19:02,2016,8,2,0,0,225000,0,0,15000,0,0,0,420000,0,35000,15000,0,0,0,0,0,0,0,0,0,0,0,0,15000,0,0,0,0,0,0,0,0,0,0,0,0,0,0,0,15000,0,15000,0,0,0,0,0,0,0
472MC-11,43.44,-67.902,8/25/16 20:43,2016,8,2,0,0,0,0,0,0,0,0,15000,95000,0,0,15000,0,0,0,0,0,0,0,0,0,0,0,0,0,0,0,0,0,0,0,0,0,0,0,0,0,0,0,0,0,0,0,0,0,0,0,0,0,0
472MC-13,43.478,-68.357,8/25/16 22:24,2016,8,2,0,0,0,0,0,0,0,0,95000,130000,0,0,0,0,0,0,0,0,0,0,0,0,0,0,0,15000,0,0,0,0,0,0,0,0,0,0,0,0,0,0,0,0,0,15000,0,0,0,0,0,0,0
472MC-15,43.515,-68.815,8/26/16 0:05,2016,8,2,0,0,15000,0,15000,35000,0,15000,0,130000,0,0,0,0,0,0,15000,0,0,0,15000,0,0,0,0,15000,15000,0,15000,0,0,0,0,0,0,0,0,0,0,0,0,0,0,15000,0,0,15000,0,0,0,0
472MC-17,43.548,-69.273,8/26/16 1:45,2016,8,2,0,15000,0,0,35000,35000,0,15000,0,35000,0,0,0,0,0,0,0,0,0,0,0,0,0,0,15000,15000,0,0,0,0,15000,0,0,0,0,0,0,0,0,0,0,0,0,0,0,0,0,0,0,0,0
472MC-19,43.582,-69.73,8/26/16 3:26,2016,8,2,0,0,0,0,0,0,0,0,0,0,0,0,0,0,0,0,0,0,0,0,0,0,0,0,0,0,0,0,0,0,0,0,0,0,0,0,0,0,0,0,0,0,0,0,0,0,0,0,0,0,0
473MC-1,43.21,-65.717,9/29/16 13:44,2016,9,2,0,0,0,0,0,0,0,15000,0,15000,0,0,0,0,0,0,0,0,0,0,0,0,0,0,0,0,0,0,0,0,0,0,0,0,0,0,0,0,0,0,0,0,0,0,0,0,0,0,0,0,0
473MC-3,43.26,-66.17,9/29/16 15:20,2016,9,2,0,0,0,0,0,0,0,0,0,0,0,0,0,0,0,0,0,0,0,0,0,0,0,0,0,0,15000,0,0,0,0,0,0,0,0,0,0,0,0,0,0,0,0,0,0,0,0,0,0,0,0
473MC-5,43.308,-66.622,9/29/16 16:57,2016,9,2,0,15000,0,0,0,0,15000,0,0,0,0,0,15000,0,0,0,0,0,15000,35000,0,0,0,0,0,0,225000,15000,0,0,0,0,0,0,0,0,0,0,0,0,0,0,0,0,0,0,0,15000,0,0,0
473MC-7,43.355,-67.075,9/29/16 18:32,2016,9,2,0,0,0,0,0,15000,0,0,15000,35000,0,35000,0,0,0,0,0,0,0,0,0,0,0,0,0,0,130000,0,0,0,0,0,0,0,0,0,0,0,0,0,0,0,0,0,0,0,0,0,0,0,0
473MC-9,43.4,-67.532,9/29/16 20:10,2016,9,2,0,0,15000,0,0,0,0,0,35000,35000,0,15000,0,15000,0,0,0,0,0,15000,0,0,0,0,0,0,300000,0,0,0,15000,0,0,0,0,0,15000,0,0,0,0,0,0,0,0,0,0,35000,15000,0,0
473MC-11,43.443,-67.987,9/29/16 21:47,2016,9,2,0,0,0,0,0,15000,0,0,15000,15000,15000,0,0,0,0,0,0,0,0,0,0,0,0,0,0,0,35000,0,0,0,0,0,0,0,0,0,0,0,0,0,0,0,0,0,0,0,0,0,15000,0,0
473MC-13,43.485,-68.442,9/29/16 23:22,2016,9,2,0,35000,15000,0,0,15000,0,0,15000,95000,15000,0,0,0,0,0,0,0,0,0,0,15000,15000,0,0,0,170000,0,0,0,15000,0,0,0,0,0,0,0,0,0,0,0,0,0,0,0,0,0,300000,0,0
473MC-15,43.525,-68.898,9/30/16 0:59,2016,9,2,0,15000,15000,0,0,0,0,15000,0,15000,0,0,0,0,0,0,0,0,0,0,0,15000,0,0,0,0,170000,0,0,0,0,0,0,0,0,0,0,0,15000,0,0,0,0,0,0,15000,0,0,300000,0,0
473MC-17,43.562,-69.355,9/30/16 2:35,2016,9,2,0,15000,0,0,0,0,0,0,0,65000,15000,15000,0,0,0,0,0,0,0,0,0,0,0,15000,0,0,15000,0,0,0,0,15000,0,0,0,0,0,0,0,0,15000,0,0,0,0,15000,0,0,15000,0,0
474MC-1,43.193,-65.735,11/2/16 19:21,2016,11,1,0,0,0,0,0,0,0,0,0,0,0,0,0,0,0,0,0,0,0,0,0,0,0,0,0,0,0,0,0,0,0,0,0,0,0,0,0,0,0,0,0,0,0,0,0,0,0,0,0,0,0
474MC-3,43.245,-66.187,11/2/16 20:41,2016,11,1,0,0,0,0,0,0,0,0,0,0,0,0,0,0,0,0,0,0,0,0,0,0,0,0,0,0,15000,0,0,0,0,0,0,0,0,0,0,0,0,0,0,0,0,0,0,0,0,0,0,0,0
474MC-5,43.295,-66.638,11/2/16 22:02,2016,11,1,0,0,0,0,0,0,0,0,0,0,0,0,0,0,0,0,0,0,0,35000,0,0,0,0,0,0,35000,0,0,0,0,0,0,0,0,0,0,0,0,0,0,0,0,0,0,0,0,0,0,0,0
474MC-7,43.342,-67.093,11/2/16 23:22,2016,11,1,0,0,0,0,0,0,0,0,0,0,0,0,0,0,0,0,0,0,0,0,0,0,0,0,0,0,15000,0,0,0,0,0,0,0,0,0,0,0,0,0,0,0,0,0,0,0,0,0,0,0,0
474MC-9,43.388,-67.547,11/3/16 0:43,2016,11,1,0,0,0,0,0,0,0,0,15000,15000,0,0,0,0,0,0,0,0,15000,15000,0,0,0,0,0,0,35000,0,0,0,0,0,0,0,0,0,0,0,0,0,0,0,0,0,0,0,0,0,0,15000,0
474MC-11,43.432,-68.003,11/3/16 2:03,2016,11,1,0,0,0,0,0,0,0,0,0,15000,0,0,0,0,0,0,0,0,0,15000,0,0,0,0,0,0,15000,0,0,0,0,0,0,0,0,0,0,0,0,0,0,0,0,0,0,0,0,0,0,0,0
474MC-13,43.475,-68.457,11/3/16 3:24,2016,11,1,0,0,15000,0,0,0,0,0,0,15000,0,0,15000,0,0,0,0,0,0,0,0,0,0,0,0,0,0,0,0,0,0,0,0,0,0,0,0,0,0,0,0,0,0,0,0,0,0,0,0,0,0
474MC-15,43.515,-68.913,11/3/16 4:46,2016,11,1,0,0,0,0,0,0,0,0,0,15000,0,15000,0,0,0,0,0,0,0,15000,0,0,0,0,0,15000,65000,0,0,0,0,0,0,0,0,0,0,0,0,0,0,0,0,0,0,0,0,0,0,0,0
474MC-17,43.553,-69.37,11/3/16 6:06,2016,11,1,0,0,0,0,0,0,0,0,0,0,0,0,0,0,0,0,0,0,0,0,0,0,0,0,0,0,35000,0,0,0,0,0,0,0,0,0,0,0,0,0,0,0,0,0,0,0,0,0,0,0,0
475MC-1,43.227,-65.867,12/7/16 20:08,2016,12,1,0,0,0,0,0,0,0,0,0,0,0,0,0,0,0,0,0,0,0,0,0,0,0,0,0,0,0,0,0,0,0,0,0,0,0,0,0,0,0,0,0,0,0,0,0,0,0,0,0,0,0
475MC-3,43.275,-66.32,12/7/16 21:22,2016,12,1,0,0,0,0,0,0,0,0,0,0,0,0,0,15000,0,0,0,0,0,0,0,0,0,0,0,0,0,0,0,0,0,0,0,0,0,0,0,0,0,0,0,0,0,0,0,0,0,0,0,0,0
475MC-5,43.322,-66.773,12/7/16 22:36,2016,12,1,0,0,0,0,0,0,0,0,0,0,0,0,0,0,0,0,0,0,0,0,0,0,0,0,0,0,0,0,0,0,0,0,0,0,0,0,0,0,0,0,0,0,0,0,0,0,0,0,0,0,0
475MC-7,43.367,-67.227,12/7/16 23:49,2016,12,1,0,0,0,0,0,0,0,0,0,0,0,0,0,0,0,0,0,0,0,0,0,0,0,0,0,0,0,0,0,0,0,0,0,0,0,0,0,0,0,0,0,0,0,0,0,0,0,0,0,0,0
475MC-9,43.41,-67.682,12/8/16 1:03,2016,12,1,0,0,0,0,0,0,0,0,0,0,0,0,0,0,0,0,0,0,0,0,0,0,0,0,0,0,0,0,0,0,0,0,0,0,0,0,0,0,0,0,0,0,0,0,0,0,0,0,0,0,0
475MC-11,43.452,-68.137,12/8/16 2:16,2016,12,1,0,0,0,0,0,0,0,0,0,0,0,0,0,0,0,0,0,0,0,0,0,0,0,0,0,0,0,0,0,0,0,0,0,0,0,0,0,0,0,0,0,0,0,0,0,0,0,0,0,0,0
475MC-13,43.492,-68.593,12/8/16 3:30,2016,12,1,0,0,0,0,0,0,0,0,0,0,0,0,0,0,0,0,0,0,0,0,0,0,0,0,0,0,0,0,0,0,0,0,0,0,0,0,0,0,0,0,0,0,0,0,0,0,0,0,0,0,0
475MC-15,43.53,-69.05,12/8/16 4:43,2016,12,1,0,0,0,0,0,0,0,0,0,0,0,0,0,0,0,0,0,0,0,0,0,0,0,0,0,0,0,0,0,0,0,0,0,0,0,0,0,0,0,0,0,0,0,0,0,0,0,0,0,0,0
475MC-17,43.565,-69.507,12/8/16 5:57,2016,12,1,0,0,0,0,0,0,0,0,0,0,0,0,0,0,0,0,0,0,0,0,0,0,0,0,0,0,0,0,0,0,0,0,0,0,0,0,0,0,0,0,0,0,0,0,0,0,0,0,0,0,0
477MC-1,43.17,-65.528,2/17/17 13:10,2017,2,1,0,0,15000,0,0,0,0,15000,15000,0,0,0,0,0,15000,0,0,0,0,0,0,0,0,0,0,0,0,0,0,0,0,0,0,0,0,0,0,0,0,0,0,0,0,0,0,0,0,0,0,0,0
477MC-3,43.223,-65.98,2/17/17 14:48,2017,2,1,0,0,0,0,0,0,0,0,0,0,0,0,0,0,0,0,0,0,0,0,0,0,0,0,0,0,0,0,0,0,0,0,0,0,0,0,0,0,0,0,0,0,0,0,0,0,0,0,0,0,0
477MC-5,43.273,-66.432,2/17/17 16:23,2017,2,1,15000,0,0,0,15000,0,0,0,0,0,0,0,0,0,0,15000,0,0,0,15000,0,0,0,0,0,0,15000,0,0,0,0,0,0,0,0,0,0,0,0,0,0,0,0,0,0,0,0,0,0,0,0
477MC-7,43.322,-66.885,2/17/17 18:01,2017,2,1,0,0,0,0,0,0,0,0,0,0,0,0,0,0,0,0,0,0,0,0,0,0,0,0,0,0,0,0,0,0,0,0,0,0,0,0,0,0,0,0,0,0,0,0,0,0,0,0,0,0,0
477MC-9,43.37,-67.338,2/17/17 19:38,2017,2,1,0,0,15000,0,0,15000,0,0,0,0,0,0,0,0,0,0,0,0,0,0,0,0,0,0,0,0,0,0,0,0,0,0,0,0,0,0,0,0,0,0,0,0,0,0,0,0,0,0,0,0,0
477MC-11,43.415,-67.793,2/17/17 21:16,2017,2,1,0,0,0,0,0,0,0,15000,0,0,0,0,0,0,0,0,0,0,0,0,0,0,0,0,0,0,0,0,0,0,0,0,0,0,0,0,0,0,0,0,0,0,0,0,0,0,0,0,0,0,0
477MC-13,43.458,-68.248,2/17/17 22:52,2017,2,1,0,0,0,0,0,0,0,0,0,0,0,0,0,0,0,0,0,0,0,0,0,0,0,0,0,0,15000,0,0,0,0,0,0,0,0,0,0,0,0,0,0,0,0,0,0,0,0,0,0,0,0
477MC-15,43.5,-68.703,2/18/17 0:30,2017,2,1,0,0,0,0,0,0,0,0,0,0,0,0,0,0,0,0,0,0,0,0,0,0,0,0,0,0,0,0,0,0,0,15000,0,0,0,0,0,0,0,0,15000,0,0,0,0,0,0,0,0,0,0
477MC-17,43.54,-69.16,2/18/17 2:05,2017,2,1,0,0,0,0,0,0,0,0,0,0,0,0,0,0,0,0,0,0,0,0,0,0,0,0,0,0,0,0,0,0,0,0,0,0,0,0,0,0,0,0,0,0,0,0,0,0,0,0,0,0,0
477MC-19,43.578,-69.618,2/18/17 3:43,2017,2,1,0,0,0,0,0,0,0,0,0,0,0,0,0,0,0,0,0,0,0,0,0,0,0,0,0,0,0,0,0,0,0,0,0,0,0,0,0,0,0,0,0,0,0,0,0,0,0,0,0,0,0
478MC-1,43.583,-69.712,3/12/17 1:23,2017,3,0,0,0,0,0,0,15000,0,0,0,0,0,0,0,0,0,0,0,0,0,0,0,0,0,0,0,0,0,0,0,0,0,0,0,0,0,0,0,0,0,15000,0,0,0,0,0,0,0,0,0,0,0
478MC-3,43.545,-69.255,3/12/17 2:48,2017,3,0,0,0,0,0,0,0,0,0,0,0,0,0,0,0,0,0,0,0,0,0,0,0,0,0,0,0,0,0,0,0,0,0,0,0,0,0,0,0,0,0,0,0,0,0,0,0,0,0,0,0,0
478MC-5,43.507,-68.798,3/12/17 4:16,2017,3,0,0,0,0,0,0,0,0,0,0,0,0,0,0,0,0,0,0,0,0,0,0,0,0,0,0,0,0,0,0,0,0,0,0,0,0,0,0,0,0,0,0,0,0,0,0,0,0,0,0,0,0
478MC-7,43.465,-68.343,3/12/17 5:41,2017,3,0,0,0,0,0,0,0,0,0,0,0,0,0,0,0,0,0,0,0,0,0,0,0,0,0,0,0,0,0,0,0,0,0,0,0,0,0,0,0,0,0,0,0,0,0,0,0,0,0,0,0,0
478MC-9,43.422,-67.887,3/12/17 7:07,2017,3,0,0,0,0,0,0,0,0,0,0,0,0,0,0,0,0,0,0,0,0,0,0,0,0,0,0,0,0,0,0,0,0,0,0,0,0,0,0,0,0,0,0,0,0,0,0,0,0,0,0,0,0
478MC-11,43.377,-67.432,3/12/17 8:32,2017,3,0,0,0,0,0,0,0,0,0,0,0,0,0,0,0,0,0,0,0,0,0,0,0,0,0,0,0,0,0,0,0,0,0,0,0,0,0,0,0,0,0,0,0,0,0,0,0,0,0,0,0,0
478MC-13,43.332,-66.978,3/12/17 10:00,2017,3,0,0,0,0,0,0,0,0,0,0,0,0,0,0,0,0,0,0,0,0,0,0,0,0,0,0,0,0,0,0,0,0,0,0,0,0,0,0,0,0,0,0,0,0,0,0,0,0,0,0,0,0
478MC-15,43.283,-66.525,3/12/17 11:25,2017,3,0,0,0,15000,0,0,0,0,0,0,0,0,0,0,0,0,0,0,0,0,0,0,0,0,0,0,0,0,0,0,0,0,0,0,0,0,0,0,0,0,0,0,0,0,0,0,0,0,0,0,0,0
478MC-17,43.233,-66.072,3/12/17 12:50,2017,3,0,0,0,0,0,0,0,0,0,0,0,0,0,0,0,0,0,0,0,0,0,0,0,0,0,0,0,0,0,0,0,0,0,0,0,0,0,0,0,0,0,0,0,0,0,0,0,0,0,0,0,0
478MC-19,43.182,-65.62,3/12/17 14:17,2017,3,0,0,0,0,0,0,0,0,0,0,0,0,0,0,0,0,0,0,0,0,0,0,0,0,0,0,0,0,0,0,0,0,0,0,0,0,0,0,0,0,0,0,0,0,0,0,0,0,0,0,0,0
479MC-1,43.582,-69.665,4/2/17 20:16,2017,4,0,0,0,0,0,0,0,0,0,0,0,0,0,0,0,0,0,0,0,0,0,0,0,0,0,0,0,15000,0,0,0,0,0,0,0,0,0,0,0,0,0,0,0,0,0,0,0,0,0,0,0,0
479MC-3,43.543,-69.208,4/2/17 21:43,2017,4,0,0,0,0,0,0,15000,0,0,0,0,0,0,0,0,15000,0,0,0,0,0,0,0,0,0,0,0,0,0,0,0,0,0,0,0,0,0,0,0,0,0,0,0,0,0,0,0,0,0,0,0,0
479MC-5,43.503,-68.753,4/2/17 23:12,2017,4,0,0,0,0,0,0,0,0,0,0,0,0,0,0,0,0,0,0,0,0,0,0,0,0,0,0,0,0,0,0,0,0,0,0,0,0,0,0,0,0,0,0,0,0,0,0,0,0,0,0,0,0
479MC-7,43.462,-68.297,4/3/17 0:39,2017,4,0,0,0,15000,0,0,0,0,0,0,0,0,0,0,0,0,0,0,0,0,0,0,0,0,0,0,0,0,0,0,0,0,0,0,0,0,0,0,0,0,0,0,0,0,0,0,0,0,0,0,0,0
479MC-9,43.418,-67.842,4/3/17 2:07,2017,4,0,0,15000,35000,0,15000,0,0,0,0,0,0,0,0,0,0,0,0,0,0,0,0,0,0,0,0,15000,15000,0,0,0,0,0,0,0,0,0,0,0,0,0,0,0,0,0,0,0,0,0,0,0,0
479MC-11,43.373,-67.387,4/3/17 3:35,2017,4,0,0,0,15000,0,0,0,0,15000,0,0,0,0,0,0,0,0,0,0,0,0,0,0,0,0,0,0,0,0,0,0,0,0,0,0,0,0,0,0,0,0,0,0,0,0,0,0,0,0,0,0,0
479MC-13,43.327,-66.933,4/3/17 5:03,2017,4,0,0,0,0,0,0,0,0,0,0,0,0,0,0,0,0,0,0,0,0,0,0,0,0,0,0,0,0,0,0,0,0,0,0,0,0,0,0,0,0,0,0,0,0,0,0,0,0,0,0,0,0
479MC-15,43.278,-66.48,4/3/17 6:29,2017,4,0,0,0,0,0,0,0,0,0,0,0,0,0,0,0,0,0,0,0,0,0,0,0,0,0,0,0,0,0,0,0,0,0,0,0,0,0,0,0,0,0,0,0,0,0,0,0,0,0,0,0,0
479MC-17,43.228,-66.027,4/3/17 7:56,2017,4,0,0,0,0,0,0,0,0,0,0,0,0,0,0,0,0,0,0,0,0,0,0,0,0,0,0,0,15000,0,0,0,0,0,0,0,0,0,0,0,0,0,0,0,0,0,0,0,0,0,0,0,0
479MC-19,43.175,-65.575,4/3/17 9:25,2017,4,1,0,0,95000,0,0,0,0,0,0,0,0,0,0,0,0,0,0,35000,0,0,0,0,0,0,0,0,0,0,0,0,0,0,0,0,0,0,0,0,0,0,0,0,0,0,0,0,0,0,0,0,0
479MC-21,43.278,-65.177,4/3/17 11:04,2017,4,2,0,0,300000,0,15000,15000,15000,15000,0,0,0,0,0,0,15000,15000,0,95000,0,0,0,0,0,15000,0,0,15000,0,0,0,0,0,0,0,0,0,0,0,0,0,0,0,0,0,0,0,0,0,0,0,0
480MC-1,43.6,-69.748,5/14/17 21:22,2017,5,1,0,0,0,0,0,0,0,0,0,0,0,0,0,0,0,0,0,0,0,0,0,0,0,0,0,0,0,0,0,0,0,0,0,0,0,0,0,0,0,0,0,0,0,0,0,0,0,0,0,0,0
480MC-3,43.563,-69.292,5/14/17 22:55,2017,5,1,0,0,0,0,0,0,0,0,15000,15000,0,15000,0,0,35000,130000,0,0,0,0,0,0,0,0,0,0,0,0,0,0,0,0,0,0,0,0,0,0,0,0,0,0,0,0,0,0,0,0,0,0,0
480MC-5,43.525,-68.835,5/15/17 0:30,2017,5,1,0,0,0,0,15000,0,0,0,35000,15000,0,15000,0,0,225000,35000,0,0,0,0,0,0,0,0,0,0,0,0,0,0,0,0,0,0,0,0,0,0,0,0,0,0,0,0,0,0,0,0,0,0,0
480MC-7,43.485,-68.378,5/15/17 2:05,2017,5,1,0,0,0,0,0,0,0,0,15000,0,0,0,0,0,95000,0,0,0,0,0,0,0,0,0,0,0,0,0,0,0,0,0,0,0,0,0,0,0,0,0,0,0,0,0,0,0,0,0,0,0,0
480MC-9,43.442,-67.923,5/15/17 3:39,2017,5,1,0,0,0,0,0,0,0,0,35000,0,0,0,0,0,65000,95000,0,0,0,0,0,0,0,0,0,0,0,0,0,0,0,0,0,0,0,0,0,0,0,0,0,0,0,0,0,0,0,0,0,0,0
480MC-11,43.398,-67.468,5/15/17 5:13,2017,5,1,0,0,0,0,0,0,0,0,15000,0,0,15000,0,0,65000,95000,0,0,0,0,0,0,0,0,0,0,0,0,0,0,0,0,0,0,0,0,0,0,0,0,0,0,0,0,0,0,0,0,0,0,0
480MC-13,43.353,-67.013,5/15/17 6:47,2017,5,1,0,0,0,0,15000,15000,0,0,65000,0,0,35000,0,15000,65000,15000,0,0,0,0,0,0,0,0,0,0,0,0,0,0,0,0,0,0,0,0,0,0,0,0,0,0,0,0,0,0,0,0,0,0,0
480MC-15,43.305,-66.56,5/15/17 8:22,2017,5,1,0,0,0,15000,0,0,0,0,0,0,0,0,0,0,0,0,0,0,0,0,0,0,0,0,0,0,0,0,0,0,0,0,0,0,0,0,0,0,0,0,0,0,0,0,0,0,0,0,0,0,0
480MC-17,43.257,-66.107,5/15/17 9:56,2017,5,2,0,0,15000,0,0,0,0,0,0,0,0,0,0,0,15000,0,0,0,0,0,0,0,0,0,0,0,0,0,0,0,0,0,0,0,0,0,0,0,0,0,0,0,0,0,0,0,0,0,0,0,0
480MC-19,43.205,-65.655,5/15/17 11:32,2017,5,1,0,0,0,0,0,0,0,0,0,0,0,0,0,0,0,15000,0,0,0,0,0,0,0,0,0,0,0,0,0,0,0,0,0,0,0,0,0,0,0,0,0,0,0,0,0,0,0,0,0,0,0