Sample_Id,Latitude,Longitude,Midpoint_Date_Local,Year,Month,Chlorophyll_Index,101,102,103,108,112,113,114,116,117,121,122,123,124,125,126,127,128,130,154,155,157,166,168,169,170,176,177,190,195,196,198,199,240,251,253,255,812,814,976,1000,1602,1612,10505,10508,10510,10511,10512,10513,10527,10615,10620,10623,10624,10681,10684,10712
445MC-1,43.267,-65.78,2/25/14 6:07,2014,2,1,0,0,0,0,0,0,0,0,0,0,0,0,0,0,0,0,0,0,0,0,0,0,0,0,0,0,0,0,0,0,0,0,0,0,0,0,0,0,0,0,0,0,0,0,0,0,0,0,0,0,0,0,0,0,0,0
445MC-3,43.272,-66.233,2/25/14 8:20,2014,2,1,0,0,0,0,0,0,0,0,0,0,0,0,0,0,0,0,0,0,0,0,0,0,0,0,0,0,0,0,0,0,0,0,0,0,0,0,0,0,0,0,0,0,0,0,0,0,0,0,0,0,0,0,0,0,0,0
445MC-5,43.31,-66.687,2/25/14 10:52,2014,2,1,0,0,0,0,0,0,0,0,0,0,0,0,0,0,0,0,0,0,0,0,0,0,0,0,0,0,0,0,0,0,0,0,0,0,0,0,0,0,0,0,0,0,0,0,0,0,0,0,0,0,0,0,0,0,0,0
445MC-7,43.345,-67.143,2/25/14 13:22,2014,2,1,0,0,15000,0,0,0,0,0,0,0,0,0,0,0,0,0,0,0,0,0,0,0,0,0,0,0,0,0,0,0,0,0,0,0,0,0,0,0,0,0,0,0,0,0,0,0,0,0,0,0,0,0,0,0,0,0
445MC-9,43.38,-67.6,2/25/14 15:55,2014,2,1,0,0,0,0,0,0,0,0,0,0,0,0,0,0,0,0,0,0,0,0,0,0,0,0,0,0,0,0,0,0,0,0,0,0,0,0,0,0,0,0,0,0,0,0,0,0,0,0,0,0,0,0,0,0,0,0
445MC-11,43.413,-68.055,2/25/14 18:24,2014,2,2,0,0,35000,0,0,35000,0,0,0,0,0,0,15000,0,0,0,0,0,0,0,0,0,0,0,0,0,0,0,15000,0,0,0,0,0,0,0,0,0,0,0,0,0,0,0,0,0,0,0,0,0,0,0,0,15000,0,0
445MC-13,43.443,-68.513,2/25/14 20:57,2014,2,1,0,0,0,0,0,0,0,0,0,0,0,0,0,0,0,0,0,0,0,0,0,0,0,0,0,0,0,0,0,0,0,0,0,0,0,0,0,0,0,0,0,0,0,0,0,0,0,0,0,0,0,0,0,0,0,0
445MC-15,43.472,-68.97,2/25/14 23:29,2014,2,1,0,0,0,0,0,0,0,0,0,0,0,0,0,0,0,0,0,0,0,0,0,0,0,0,0,0,0,0,0,0,0,0,0,0,0,0,0,0,0,0,0,0,0,0,0,0,0,0,0,0,0,0,0,0,0,0
445MC-17,43.5,-69.427,2/26/14 1:59,2014,2,1,0,0,0,0,0,0,0,0,0,0,0,0,0,0,0,0,0,0,0,0,0,0,15000,0,0,0,0,0,0,0,0,0,0,0,0,0,0,0,0,0,0,0,0,0,0,0,0,0,0,0,0,0,0,0,0,0
446MC-1,43.317,-65.428,3/26/14 2:51,2014,3,1,0,0,15000,0,0,0,0,0,0,0,0,0,0,0,0,0,0,0,0,0,0,0,0,0,0,0,0,0,0,0,0,0,0,0,0,0,0,0,0,0,0,0,0,0,0,0,0,0,0,0,0,0,0,0,0,0
446MC-3,43.335,-65.867,3/26/14 4:40,2014,3,1,0,0,0,0,15000,0,0,0,0,0,0,0,0,0,0,0,0,0,0,0,0,0,0,0,0,0,0,0,0,0,0,0,0,0,0,0,0,0,0,0,0,0,0,0,0,0,0,0,0,0,0,0,0,0,0,0
446MC-5,43.373,-66.32,3/26/14 6:34,2014,3,1,0,0,15000,0,0,0,0,0,0,0,0,0,0,0,0,0,0,0,0,0,0,0,0,0,0,0,0,0,0,0,0,0,0,0,0,0,0,0,0,0,0,0,0,0,0,0,0,0,0,0,0,0,0,0,0,0
446MC-7,43.41,-66.777,3/26/14 8:29,2014,3,1,0,0,15000,15000,15000,15000,0,0,0,0,0,0,0,0,0,0,0,0,0,0,0,0,0,0,0,0,0,0,0,0,0,0,0,0,0,0,0,0,0,0,0,0,0,0,0,0,0,0,0,0,0,0,0,0,0,0
446MC-9,43.445,-67.233,3/26/14 10:22,2014,3,1,0,0,65000,0,0,15000,0,35000,0,0,0,0,0,0,0,0,0,0,0,0,0,0,0,0,0,0,0,0,0,0,0,0,0,0,0,0,0,0,0,0,0,0,0,0,0,0,0,0,0,0,0,0,0,0,0,0
446MC-11,43.477,-67.69,3/26/14 12:17,2014,3,1,0,0,15000,0,0,0,0,0,0,0,0,0,0,0,0,0,0,0,0,0,0,0,0,0,0,0,0,0,0,0,0,0,0,0,0,0,0,0,0,0,0,0,0,0,0,0,0,0,0,0,0,0,0,0,0,0
446MC-13,43.508,-68.148,3/26/14 14:10,2014,3,1,0,0,0,0,0,0,0,0,0,0,0,0,0,0,0,0,0,0,0,0,0,0,0,0,0,0,0,0,0,0,0,0,0,0,0,0,0,0,0,0,0,0,0,0,0,0,0,0,0,0,0,0,0,0,0,0
446MC-15,43.537,-68.607,3/26/14 16:05,2014,3,1,0,0,0,0,0,0,0,0,0,0,0,0,0,0,0,0,0,0,0,0,0,0,0,0,0,0,0,0,0,0,0,0,0,0,0,0,0,0,0,0,0,0,0,0,0,0,0,0,0,0,0,0,0,0,0,0
446MC-17,43.565,-69.063,3/26/14 17:58,2014,3,1,0,0,0,0,0,0,0,0,0,0,0,0,0,0,0,0,0,0,0,0,0,0,0,0,0,0,0,0,0,0,0,0,0,0,0,0,0,0,0,0,0,0,0,0,0,0,0,0,0,0,0,0,0,0,0,0
446MC-19,43.59,-69.523,3/26/14 19:53,2014,3,1,0,0,0,0,0,0,0,0,0,0,0,0,0,0,0,0,0,0,0,0,0,0,0,0,0,0,0,0,0,0,0,0,0,0,0,0,0,0,0,0,0,0,0,0,0,0,0,0,0,0,0,0,0,0,0,0
448MC-1,43.29,-65.67,5/19/14 5:49,2014,5,2,0,0,15000,0,0,0,0,15000,0,0,0,0,0,0,0,65000,0,0,0,0,0,0,0,0,15000,0,0,0,0,0,0,0,0,0,0,0,0,0,0,0,0,0,0,0,0,0,0,0,0,0,0,0,0,0,0,0
448MC-3,43.26,-66.122,5/19/14 8:04,2014,5,2,0,0,15000,0,0,0,0,0,0,0,0,0,0,0,0,0,0,0,0,0,0,0,0,0,0,0,0,0,0,0,0,0,0,0,0,0,0,0,0,0,0,0,0,0,0,0,0,0,0,0,0,0,0,0,0,15000
448MC-5,43.288,-66.578,5/19/14 10:24,2014,5,2,0,0,0,0,15000,15000,0,0,0,15000,0,0,0,0,0,15000,0,0,0,0,0,15000,0,0,0,0,0,0,65000,0,0,0,0,0,0,0,0,0,0,0,0,15000,0,0,65000,0,0,0,0,0,0,0,0,0,0,0
448MC-7,43.315,-67.033,5/19/14 12:42,2014,5,2,0,0,0,0,0,15000,0,0,0,15000,0,0,0,0,0,65000,15000,0,0,0,0,0,0,0,0,0,0,0,0,0,0,0,0,0,0,15000,0,0,0,0,0,0,0,0,0,0,0,0,0,0,0,0,0,0,0,0
448MC-9,43.342,-67.492,5/19/14 15:02,2014,5,1,0,0,0,0,0,0,0,0,0,0,0,0,0,0,0,15000,0,0,0,0,0,0,0,0,0,0,0,0,0,0,0,0,0,0,0,0,0,0,0,0,0,0,0,0,0,0,0,0,0,0,0,0,0,0,0,0
448MC-11,43.365,-67.948,5/19/14 17:22,2014,5,1,0,0,0,0,0,0,0,0,0,0,0,0,0,0,0,15000,0,0,0,0,0,0,0,0,0,0,0,0,0,0,0,0,0,0,0,0,0,0,0,0,0,0,0,0,0,0,0,0,0,0,0,0,0,0,0,0
448MC-13,43.387,-68.407,5/19/14 19:42,2014,5,1,0,0,0,0,0,0,0,0,0,0,15000,0,0,0,15000,15000,0,0,0,0,0,0,0,0,0,0,0,0,0,0,0,0,0,0,0,0,0,0,0,0,0,0,0,0,0,0,0,0,0,0,0,0,0,0,0,0
448MC-15,43.407,-68.865,5/19/14 22:01,2014,5,1,0,0,0,0,0,0,0,0,0,0,0,0,0,0,0,0,15000,0,0,0,0,0,0,0,0,0,0,0,0,0,0,0,0,0,0,0,0,0,0,0,0,0,0,0,0,0,0,0,0,0,0,0,0,0,0,0
448MC-17,43.425,-69.322,5/20/14 0:20,2014,5,1,0,0,0,0,0,0,0,0,0,0,0,0,0,0,0,0,0,0,0,0,0,0,0,0,0,0,0,0,0,0,0,0,0,0,0,0,0,0,0,0,0,0,0,0,0,0,0,0,0,0,0,0,0,0,0,0
449MC-1,43.147,-65.897,7/25/14 14:18,2014,7,1,0,0,0,0,0,0,0,0,0,0,0,0,0,0,0,0,0,0,0,0,0,0,0,0,0,0,0,0,0,0,0,0,0,0,0,0,0,0,0,0,0,0,0,0,0,0,0,0,0,0,0,0,0,0,0,0
449MC-3,43.205,-66.345,7/25/14 15:50,2014,7,1,0,0,0,0,0,0,0,0,0,0,0,0,15000,0,0,0,0,0,0,0,0,0,0,0,0,0,0,0,0,0,0,0,0,0,0,0,0,0,0,0,0,0,0,0,0,0,0,0,0,0,0,0,0,0,0,0
449MC-5,43.263,-66.797,7/25/14 17:23,2014,7,1,0,0,0,0,0,0,0,0,0,0,15000,0,95000,0,0,35000,0,0,0,0,0,0,0,0,0,0,0,0,0,0,0,0,0,0,65000,0,0,0,0,0,0,0,0,0,0,0,0,0,0,0,15000,0,0,15000,0,0
449MC-7,43.318,-67.248,7/25/14 18:54,2014,7,1,0,0,0,0,0,0,0,0,0,15000,0,0,15000,0,0,15000,0,0,0,0,0,0,0,0,0,0,0,0,0,0,0,0,0,0,0,15000,0,0,0,0,0,0,0,0,0,0,0,0,0,0,0,0,0,0,0,0
449MC-9,43.372,-67.702,7/25/14 20:27,2014,7,1,0,15000,0,0,15000,15000,0,0,0,35000,65000,0,35000,0,0,95000,15000,15000,0,0,0,0,0,0,0,0,0,0,0,0,15000,0,0,15000,0,0,0,0,15000,0,15000,0,0,0,0,0,0,0,0,0,0,0,15000,0,0,0
449MC-11,43.422,-68.153,7/25/14 21:58,2014,7,1,0,15000,15000,0,15000,0,0,0,0,0,15000,0,0,0,0,15000,0,0,0,0,0,15000,0,0,0,0,0,0,0,0,0,0,0,0,0,0,0,0,0,0,0,0,0,0,0,0,0,0,0,0,0,0,0,0,0,0
449MC-13,43.472,-68.608,7/25/14 23:31,2014,7,1,0,130000,0,0,35000,0,0,0,0,0,15000,0,35000,0,0,35000,0,0,0,0,0,15000,0,0,0,0,0,0,0,0,0,0,0,0,0,15000,0,0,0,0,0,0,0,0,0,0,0,0,0,0,0,0,0,0,0,0
449MC-15,43.52,-69.063,7/26/14 1:02,2014,7,1,0,0,0,0,0,0,0,0,0,15000,35000,0,65000,0,0,35000,15000,0,0,0,0,0,0,0,0,0,0,0,0,0,0,0,0,0,0,0,0,15000,0,0,0,0,0,0,0,0,0,0,0,0,0,0,0,0,0,0
450MC-1,43.145,-65.9,8/20/14 14:52,2014,8,2,0,0,0,0,0,0,0,0,0,0,0,0,0,0,0,0,0,0,0,0,0,0,0,0,0,0,0,0,0,0,0,0,0,0,0,0,0,0,0,0,0,0,0,0,0,0,0,0,0,0,0,0,0,0,0,0
450MC-3,43.203,-66.35,8/20/14 16:23,2014,8,1,0,0,0,0,0,0,0,0,0,0,0,0,0,0,0,0,0,0,0,0,0,0,0,0,0,0,0,0,0,0,15000,0,0,0,0,0,0,0,0,0,0,0,0,0,0,0,0,0,0,0,0,0,0,0,0,0
450MC-5,43.26,-66.802,8/20/14 17:54,2014,8,1,0,15000,0,0,0,0,0,0,0,15000,35000,0,15000,0,0,0,0,35000,0,0,0,15000,0,0,0,0,0,0,15000,0,15000,0,0,0,0,0,0,0,0,0,0,0,0,0,0,0,0,0,0,0,15000,0,0,15000,0,0
450MC-7,43.315,-67.253,8/20/14 19:24,2014,8,1,0,0,35000,0,0,0,0,0,0,0,35000,0,0,0,0,0,0,0,0,0,0,15000,0,0,0,0,0,0,15000,0,0,0,0,0,0,15000,0,0,0,0,0,0,0,0,0,15000,0,0,0,0,0,0,0,0,0,0
450MC-9,43.367,-67.705,8/20/14 20:55,2014,8,1,0,15000,15000,0,0,0,0,0,0,15000,130000,0,0,0,0,0,0,0,0,0,0,0,0,0,0,0,0,0,0,0,0,0,0,0,0,0,0,0,0,0,0,0,0,0,0,0,0,0,0,0,0,0,0,0,0,0
450MC-11,43.418,-68.16,8/20/14 22:25,2014,8,1,0,0,0,0,0,0,0,0,0,0,15000,0,0,0,0,0,0,0,0,0,0,0,0,0,0,0,0,0,0,0,0,0,0,0,0,0,0,0,0,0,0,0,0,0,0,0,0,0,0,0,0,0,0,0,0,0
450MC-13,43.468,-68.612,8/20/14 23:56,2014,8,1,0,35000,35000,0,0,0,0,0,0,0,35000,0,0,0,0,0,0,0,0,0,0,0,0,0,0,0,0,0,15000,0,0,0,0,0,0,15000,0,0,0,0,0,0,0,15000,0,0,0,15000,0,0,15000,15000,0,0,0,0
450MC-15,43.515,-69.067,8/21/14 1:25,2014,8,1,0,95000,0,0,15000,0,0,0,0,15000,0,0,15000,0,0,0,0,0,0,0,0,0,0,0,0,0,0,0,15000,0,15000,0,0,0,0,0,0,0,0,0,0,0,0,0,0,15000,0,0,0,0,0,0,0,0,0,0
450MC-17,43.56,-69.523,8/21/14 2:57,2014,8,1,0,0,0,0,0,0,0,0,0,0,0,0,0,0,0,0,0,0,0,0,0,0,0,0,0,0,0,0,0,0,0,0,0,0,0,0,0,0,0,0,0,0,0,0,0,0,0,0,0,0,0,0,0,0,0,0
451MC-1,43.145,-65.898,9/17/14 4:08,2014,9,2,0,0,0,0,0,0,0,0,0,0,0,0,0,0,0,0,0,0,0,0,0,0,0,0,0,0,0,0,15000,0,0,0,0,0,0,0,0,0,0,0,0,0,0,0,15000,0,0,0,0,0,0,0,0,0,0,0
451MC-3,43.203,-66.347,9/17/14 5:32,2014,9,1,0,0,0,0,0,0,0,0,0,15000,15000,0,0,0,0,0,0,0,0,0,0,0,0,0,0,0,0,0,0,0,0,0,0,0,0,0,0,0,0,0,0,0,0,0,0,0,0,0,0,0,0,0,0,0,0,0
451MC-5,43.258,-66.8,9/17/14 6:57,2014,9,1,0,0,0,0,0,0,0,0,0,0,15000,0,15000,0,0,0,0,0,0,0,0,0,0,0,0,0,0,0,0,0,0,0,0,0,0,0,0,0,35000,15000,0,0,0,0,0,0,0,0,0,0,15000,0,0,0,0,0
451MC-6,43.287,-67.025,9/17/14 7:37,2014,9,1,0,0,0,0,0,0,0,0,0,0,35000,0,0,0,0,0,0,0,0,0,0,0,0,0,0,0,0,0,0,15000,0,0,0,0,0,0,0,0,15000,15000,0,0,0,0,0,0,0,0,15000,0,0,0,0,0,0,0
451MC-7,43.313,-67.25,9/17/14 8:20,2014,9,1,0,0,0,15000,0,0,0,0,0,0,65000,0,0,0,0,0,0,0,0,0,0,0,0,0,0,0,0,0,0,0,0,0,0,0,0,0,0,0,35000,15000,0,0,0,0,0,0,0,0,0,0,0,0,0,0,0,0
451MC-9,43.365,-67.703,9/17/14 9:45,2014,9,1,0,15000,0,0,0,0,0,0,0,0,65000,0,0,0,0,0,0,0,0,15000,0,0,0,0,0,0,0,0,0,0,0,0,0,0,0,0,0,0,0,15000,0,0,0,0,0,0,0,0,15000,0,0,0,0,0,0,0
451MC-11,43.417,-68.157,9/17/14 11:08,2014,9,1,0,0,15000,0,0,0,0,0,0,0,15000,0,0,0,0,0,0,0,0,0,0,0,0,0,0,0,0,0,0,0,0,0,0,0,0,0,0,0,0,0,0,0,0,0,0,0,0,0,0,0,0,0,0,0,0,0
451MC-13,43.465,-68.612,9/17/14 12:33,2014,9,1,0,0,0,0,0,0,0,0,0,15000,95000,0,0,0,0,0,0,0,0,0,0,0,0,0,0,0,0,0,0,0,0,0,0,0,0,0,0,0,0,0,0,0,0,0,0,0,0,0,0,0,0,0,15000,0,0,0
451MC-15,43.513,-69.065,9/17/14 13:55,2014,9,1,0,0,35000,0,0,0,0,0,0,15000,15000,0,0,0,0,0,0,0,0,0,0,0,0,0,0,0,0,0,0,0,0,0,0,0,0,0,0,0,0,0,0,0,0,0,0,0,0,0,0,0,0,0,0,0,0,0
451MC-17,43.558,-69.52,9/17/14 15:20,2014,9,1,0,15000,15000,0,0,0,0,0,0,15000,95000,0,0,0,0,15000,0,0,0,0,0,0,0,0,0,0,0,0,0,0,0,0,0,0,0,0,0,0,0,0,0,0,0,0,0,0,0,0,0,0,15000,0,0,0,0,0
452MC-1,43.147,-65.915,10/15/14 13:14,2014,10,1,0,0,0,0,0,0,0,0,0,0,0,0,0,0,0,0,0,0,0,0,0,0,0,0,0,0,0,0,0,0,0,0,0,0,0,0,0,0,0,0,0,0,0,0,0,0,0,0,0,0,0,0,0,0,0,0
452MC-3,43.205,-66.365,10/15/14 14:57,2014,10,2,0,0,0,0,0,0,0,0,0,0,0,0,0,0,0,0,0,0,0,0,0,0,0,0,0,0,0,0,0,0,0,0,0,0,0,0,0,0,0,0,0,0,0,0,0,0,0,0,0,0,0,0,0,0,0,0
452MC-5,43.262,-66.817,10/15/14 16:41,2014,10,1,0,0,0,0,0,15000,0,0,0,0,0,0,0,0,0,0,0,0,0,0,0,0,0,0,0,0,0,0,0,0,0,0,0,0,0,0,0,0,0,0,0,0,0,0,0,0,0,0,0,0,0,0,0,0,0,0
452MC-7,43.315,-67.268,10/15/14 18:24,2014,10,1,0,0,0,0,0,0,0,0,0,0,0,0,0,0,0,0,0,0,0,0,0,0,0,0,0,0,0,0,0,0,0,0,0,0,0,0,0,0,0,0,0,0,0,0,0,0,0,0,0,0,0,0,0,0,0,0
452MC-9,43.368,-67.722,10/15/14 20:08,2014,10,1,0,0,0,0,0,35000,0,0,0,0,0,0,0,0,0,0,0,0,0,0,0,0,0,0,0,0,0,0,0,0,15000,0,0,0,0,0,0,0,0,15000,0,0,0,0,0,0,0,0,0,0,0,0,0,0,0,0
452MC-11,43.418,-68.173,10/15/14 21:50,2014,10,1,0,0,0,0,0,15000,0,0,0,0,15000,0,0,0,0,0,0,0,0,0,0,0,15000,0,0,0,0,0,15000,0,0,0,0,0,0,0,0,0,0,15000,0,0,0,0,15000,0,0,0,0,0,0,0,0,15000,0,0
452MC-13,43.467,-68.628,10/15/14 23:35,2014,10,1,0,65000,35000,0,15000,0,0,0,0,15000,35000,0,0,0,0,0,0,0,0,0,0,0,0,0,0,0,0,0,0,0,0,0,0,0,0,0,0,0,15000,0,0,0,0,0,0,0,0,0,0,0,0,15000,15000,0,0,0
452MC-15,43.515,-69.083,10/16/14 1:17,2014,10,1,0,35000,0,0,15000,0,0,0,15000,15000,15000,0,0,0,0,0,0,0,0,0,0,0,0,0,0,0,0,0,0,0,0,0,0,0,0,0,0,0,15000,0,0,0,0,0,0,0,0,0,0,0,0,0,0,0,0,0
454MC-1,43.147,-65.908,12/16/14 15:28,2014,12,1,0,0,0,0,0,0,0,0,0,0,0,0,0,0,0,0,0,0,0,0,0,0,0,0,0,0,0,0,0,0,0,0,0,0,0,0,0,0,0,0,0,0,0,0,0,0,0,0,0,0,0,0,0,0,0,0
454MC-3,43.205,-66.358,12/16/14 16:58,2014,12,1,0,0,15000,0,0,0,0,0,0,0,0,0,0,0,15000,0,0,0,0,0,0,0,0,0,0,0,0,0,0,0,0,0,0,0,0,0,0,0,0,0,0,0,0,0,0,0,0,0,0,0,0,0,0,0,0,0
454MC-5,43.262,-66.808,12/16/14 18:28,2014,12,1,0,0,15000,0,0,0,0,0,0,0,0,0,15000,0,0,0,0,0,0,0,0,0,0,0,0,0,0,0,0,0,15000,0,0,0,0,0,0,0,0,0,0,0,0,0,0,0,0,0,0,0,0,0,0,0,0,0
454MC-7,43.317,-67.26,12/16/14 19:57,2014,12,1,0,0,0,0,0,0,0,0,0,15000,0,0,15000,0,0,0,0,0,0,0,0,0,15000,0,0,0,0,0,0,0,35000,0,0,0,0,0,0,0,0,0,0,0,0,0,0,0,0,0,0,0,0,0,0,0,0,0
454MC-9,43.368,-67.712,12/16/14 21:27,2014,12,1,0,0,15000,0,0,0,0,0,0,0,0,0,0,0,0,0,0,0,0,0,0,0,0,0,0,0,0,0,0,0,65000,0,0,0,0,0,0,0,0,0,0,0,0,0,0,0,0,0,0,0,0,0,0,0,0,0
454MC-11,43.42,-68.167,12/16/14 22:56,2014,12,1,0,0,0,0,0,0,0,0,0,0,0,0,0,0,0,0,0,0,0,0,0,0,0,0,0,0,0,0,0,0,15000,0,0,0,0,0,0,0,0,0,0,0,0,0,0,0,0,0,0,0,0,0,0,0,0,0
454MC-13,43.47,-68.62,12/17/14 0:27,2014,12,1,0,0,0,0,0,0,0,0,0,0,0,0,0,0,0,0,0,0,0,0,0,0,0,0,0,0,0,0,0,0,0,0,0,0,0,0,0,0,0,0,0,0,0,0,0,0,0,0,0,0,0,0,0,0,0,0
454MC-15,43.517,-69.075,12/17/14 1:55,2014,12,1,0,0,0,0,0,0,0,0,0,0,0,0,0,0,0,0,0,0,0,0,0,0,0,0,0,0,0,0,0,0,15000,0,0,0,0,0,0,0,0,0,0,0,0,0,0,0,0,0,0,0,0,0,0,0,0,0
454MC-17,43.562,-69.53,12/17/14 3:26,2014,12,1,0,0,0,0,0,0,35000,0,0,0,0,0,0,0,0,0,0,0,0,0,0,0,0,0,0,0,0,0,0,0,15000,0,0,0,0,0,0,0,0,0,0,0,0,0,0,0,0,0,0,0,0,0,0,0,0,0
455MC-1,43.145,-65.898,1/14/15 5:11,2015,1,1,0,0,0,0,0,15000,0,0,0,35000,0,0,15000,0,0,0,0,0,0,0,0,15000,0,0,0,0,0,0,0,0,0,0,0,0,0,0,0,0,0,0,0,0,0,0,0,0,0,0,0,0,0,0,0,0,0,0
455MC-3,43.203,-66.35,1/14/15 6:20,2015,1,1,0,0,0,0,0,0,0,0,0,0,0,0,0,0,0,0,0,0,0,0,0,0,0,0,0,0,0,0,0,0,0,0,0,0,0,0,0,0,0,0,0,0,0,0,0,0,0,0,0,0,0,0,0,0,0,0
455MC-5,43.26,-66.8,1/14/15 7:29,2015,1,1,0,0,0,0,0,0,0,0,0,0,0,0,0,0,0,0,0,0,0,0,0,0,0,0,0,0,0,0,0,0,15000,0,0,0,0,0,0,0,0,0,0,0,0,0,0,0,0,0,0,0,0,0,0,0,0,0
455MC-7,43.315,-67.252,1/14/15 8:37,2015,1,1,0,0,0,0,0,0,0,0,0,0,0,0,0,0,0,0,0,0,0,0,0,0,0,0,0,0,0,0,0,0,0,0,0,0,0,0,0,0,0,0,0,0,0,0,0,0,0,0,0,0,0,0,0,0,0,0
455MC-9,43.367,-67.703,1/14/15 9:46,2015,1,1,0,0,0,0,0,0,0,0,0,0,0,0,0,0,0,0,0,0,0,0,0,0,0,0,0,0,0,0,0,0,0,0,0,0,0,0,0,0,0,0,0,0,0,0,0,0,0,0,0,0,0,0,0,0,0,0
455MC-11,43.418,-68.157,1/14/15 10:54,2015,1,1,0,0,0,0,0,0,0,0,0,0,0,0,0,0,0,0,0,0,0,0,0,0,0,0,0,0,0,0,15000,0,0,0,0,0,0,0,0,0,0,0,0,0,0,0,0,0,0,0,0,0,0,0,0,0,0,0
455MC-13,43.468,-68.612,1/14/15 12:03,2015,1,1,0,0,0,0,0,0,0,0,0,0,0,0,0,0,0,0,0,0,0,0,0,0,0,0,0,0,0,0,0,0,0,0,0,0,0,0,0,0,0,0,0,0,0,0,0,0,0,0,0,0,0,0,0,0,0,0
455MC-15,43.515,-69.067,1/14/15 13:11,2015,1,1,0,0,0,0,0,0,0,0,0,0,0,0,0,0,0,0,0,0,0,0,0,0,0,0,0,0,0,0,0,0,0,0,0,0,0,0,0,0,15000,0,0,0,0,0,0,0,0,0,0,0,0,0,0,0,0,0
457MC-1,43.133,-65.917,3/20/15 15:25,2015,3,1,0,0,0,0,0,15000,0,0,0,0,0,0,0,0,0,0,15000,0,0,0,0,0,0,0,0,0,0,0,0,0,0,0,0,0,0,0,0,0,0,0,0,0,0,0,0,0,0,0,0,0,0,0,0,0,0,0
457MC-3,43.195,-66.367,3/20/15 16:54,2015,3,1,0,0,0,0,0,0,0,0,0,0,0,0,0,0,0,0,0,0,0,0,0,0,0,0,0,0,0,0,0,0,0,0,0,0,0,0,0,0,0,0,0,0,0,0,0,0,0,0,0,0,0,0,0,0,0,0
457MC-5,43.255,-66.817,3/20/15 18:24,2015,3,1,0,0,0,0,15000,0,0,0,0,0,0,0,0,0,0,0,0,0,0,0,0,0,0,0,0,0,0,0,0,0,0,0,0,0,0,0,0,0,0,0,0,0,0,0,0,0,0,0,0,0,0,0,0,0,0,0
457MC-7,43.313,-67.267,3/20/15 19:52,2015,3,1,0,0,0,0,0,0,0,0,0,0,0,0,0,0,0,0,0,0,0,0,0,0,0,0,0,0,0,0,0,0,0,0,0,0,0,0,0,0,0,0,0,0,0,0,0,0,0,0,0,0,0,0,0,0,0,0
457MC-9,43.37,-67.718,3/20/15 21:22,2015,3,1,0,0,0,0,0,0,0,0,0,0,0,0,0,0,0,0,0,0,0,0,0,0,0,0,0,0,0,0,0,0,0,0,0,0,0,0,0,0,0,0,0,0,0,0,0,0,0,0,0,0,0,0,0,0,0,0
457MC-11,43.425,-68.172,3/20/15 22:50,2015,3,1,0,0,0,0,0,15000,0,0,0,0,0,0,0,0,0,0,0,0,0,0,0,0,0,0,0,0,0,0,0,0,0,0,0,0,0,0,0,0,0,0,0,0,0,0,0,0,0,0,0,0,0,0,0,0,0,0
457MC-13,43.477,-68.625,3/21/15 0:20,2015,3,1,0,0,0,0,0,0,0,0,0,0,0,0,0,0,0,0,0,0,0,0,0,0,0,0,0,0,15000,0,0,0,0,0,0,0,0,0,0,0,0,0,0,0,0,0,0,0,0,0,0,0,0,0,0,0,0,0
457MC-15,43.528,-69.078,3/21/15 1:48,2015,3,1,0,0,0,0,0,0,0,0,0,0,0,0,0,0,0,0,0,0,0,0,0,0,0,0,0,0,0,0,0,0,0,0,0,0,0,0,0,0,0,0,0,0,0,0,0,0,0,0,0,0,0,0,0,0,0,0
457MC-17,43.578,-69.533,3/21/15 3:18,2015,3,1,0,0,0,0,0,0,0,0,0,0,0,0,0,0,0,0,0,0,0,0,0,0,0,0,0,0,0,0,0,0,0,0,0,0,0,0,0,0,0,0,0,0,0,0,0,0,0,0,0,0,0,0,0,0,0,0
458MC-1,43.268,-63.77,4/22/15 19:31,2015,4,6.5,0,65000,750000,35000,300000,15000,0,35000,15000,0,0,0,0,0,0,0,0,15000,0,0,15000,0,0,0,15000,0,0,0,0,0,15000,15000,0,0,0,0,0,0,0,0,0,0,0,0,0,0,0,0,0,0,0,0,0,0,0,0
458MC-3,43.303,-64.225,4/22/15 20:49,2015,4,2,0,15000,170000,15000,65000,15000,0,0,0,0,0,0,0,0,0,0,0,0,0,0,0,0,0,0,0,0,0,0,0,0,0,0,0,0,0,0,0,0,0,0,0,0,0,0,0,0,0,0,0,0,0,0,0,0,0,0
458MC-5,43.337,-64.682,4/22/15 22:09,2015,4,6.5,0,0,225000,0,15000,35000,0,0,15000,0,0,0,0,0,0,0,0,0,0,0,0,0,0,0,0,15000,0,0,0,0,0,0,0,0,0,0,0,0,0,0,0,0,0,0,0,0,0,0,0,0,0,0,0,0,0,0
458MC-7,43.368,-65.138,4/22/15 23:27,2015,4,2,0,15000,35000,0,0,35000,0,35000,15000,0,0,0,0,0,0,0,0,0,0,0,0,0,0,0,15000,0,0,0,0,0,15000,0,0,0,0,0,0,0,0,0,0,0,0,0,0,0,0,0,0,0,0,0,15000,15000,0,0
458MC-9,43.397,-65.595,4/23/15 0:48,2015,4,2,0,0,300000,15000,420000,65000,0,0,0,0,0,0,0,0,0,0,15000,0,0,0,0,0,15000,0,0,0,0,0,0,0,15000,0,0,0,0,0,0,0,0,0,0,35000,0,0,0,0,0,0,0,0,0,0,15000,0,0,0
458MC-11,43.425,-66.053,4/23/15 2:06,2015,4,2,0,0,170000,0,130000,35000,0,15000,0,0,0,0,0,0,0,15000,0,0,0,0,0,0,15000,0,0,0,0,15000,0,0,15000,15000,0,0,0,0,0,0,0,0,0,15000,0,0,0,0,0,0,0,0,0,0,15000,0,0,0
458MC-13,43.45,-66.51,4/23/15 3:26,2015,4,2,0,0,750000,35000,300000,95000,0,0,0,0,0,0,0,0,0,0,0,15000,0,0,0,0,0,0,0,0,0,0,0,0,0,0,0,0,0,0,0,0,0,0,0,130000,0,0,0,0,0,0,0,0,0,0,35000,0,0,0
458MC-15,43.475,-66.968,4/23/15 4:46,2015,4,2,0,0,170000,0,15000,35000,0,0,0,0,0,0,0,0,0,0,0,0,0,0,0,0,0,0,0,0,0,0,0,0,0,0,0,0,0,0,0,0,0,0,0,0,0,0,0,0,0,0,0,0,0,0,0,0,0,0
458MC-17,43.497,-67.427,4/23/15 6:04,2015,4,1,0,0,65000,0,0,15000,0,0,0,0,0,0,0,0,0,0,0,0,0,0,0,0,0,0,0,0,0,0,0,0,0,0,0,0,0,0,0,0,0,0,0,0,0,0,0,0,0,0,0,0,0,0,0,0,0,0
458MC-19,43.517,-67.885,4/23/15 7:25,2015,4,0,0,0,65000,0,15000,15000,0,0,0,0,0,0,0,0,0,0,0,0,0,0,0,0,0,0,0,0,0,0,0,0,0,0,0,0,0,0,0,0,0,0,0,0,0,0,0,0,0,0,0,0,0,15000,0,0,0,0
458MC-21,43.535,-68.345,4/23/15 8:44,2015,4,0,0,0,15000,0,0,0,0,0,0,0,0,0,0,0,0,0,0,0,0,0,0,0,0,0,0,0,0,0,0,0,0,0,0,0,0,0,0,0,0,0,0,0,0,0,0,0,0,0,0,0,0,0,0,0,0,0
458MC-23,43.552,-68.803,4/23/15 10:04,2015,4,0,0,0,35000,0,0,15000,0,0,0,0,0,0,0,0,0,15000,0,0,0,0,0,15000,0,0,0,0,0,0,0,0,0,0,0,0,0,0,0,15000,0,0,0,0,0,0,0,0,0,0,0,0,0,0,0,0,0,0
458MC-25,43.567,-69.263,4/23/15 11:22,2015,4,2,0,0,420000,35000,35000,65000,0,0,0,0,0,0,0,0,0,0,0,0,0,0,0,0,0,0,0,0,0,0,0,0,0,0,0,0,0,0,0,0,0,0,0,65000,0,0,0,0,0,0,0,0,0,0,0,0,0,0
458MC-27,43.58,-69.723,4/23/15 12:42,2015,4,1,0,0,15000,0,0,0,0,0,0,0,0,0,0,0,0,0,0,0,0,0,0,0,0,0,0,0,0,0,0,0,0,0,0,0,0,0,0,0,0,0,0,0,0,0,0,0,0,0,0,0,0,0,0,0,0,0
460MC-1,43.147,-65.908,7/1/15 16:16,2015,7,1,0,0,15000,0,0,0,0,0,0,15000,0,0,35000,0,15000,0,0,0,0,0,0,0,0,0,0,0,0,0,15000,0,0,0,0,0,0,0,0,0,0,0,0,0,0,0,15000,0,0,0,0,0,0,0,0,0,0,0
460MC-3,43.205,-66.357,7/1/15 17:30,2015,7,1,0,0,0,0,15000,0,0,0,0,15000,0,0,35000,0,0,130000,0,0,0,0,0,0,0,0,0,0,0,0,15000,0,0,0,0,15000,0,0,15000,0,0,0,0,0,0,0,15000,0,0,0,0,0,0,0,0,0,0,0
460MC-5,43.262,-66.808,7/1/15 18:45,2015,7,6.5,0,0,35000,0,130000,0,0,0,0,0,0,0,0,0,0,95000,15000,0,0,0,0,0,0,0,0,0,0,0,0,0,0,0,0,0,0,0,0,0,0,0,0,0,0,0,0,0,0,0,0,0,0,0,0,0,0,0
460MC-7,43.315,-67.26,7/1/15 19:58,2015,7,6.5,0,0,0,0,300000,35000,0,0,0,15000,0,0,65000,0,0,15000,0,0,0,0,0,0,0,0,0,0,0,0,0,0,0,0,0,0,0,0,0,0,0,0,0,0,0,0,0,0,0,0,0,0,0,0,15000,0,0,0
460MC-9,43.368,-67.713,7/1/15 21:13,2015,7,6.5,0,0,0,0,170000,0,0,0,0,15000,15000,0,35000,0,0,0,0,0,0,0,0,0,0,0,0,0,0,0,0,0,15000,95000,0,0,0,0,0,0,0,35000,0,0,0,0,0,0,0,0,0,0,0,0,0,0,0,0
460MC-11,43.42,-68.167,7/1/15 22:27,2015,7,1,0,0,0,0,15000,15000,0,0,0,15000,35000,0,0,0,0,15000,0,0,0,0,0,0,0,0,0,0,0,0,0,0,0,0,0,0,0,0,0,0,0,35000,0,0,0,0,0,0,0,0,0,0,0,0,0,0,0,0
460MC-13,43.47,-68.62,7/1/15 23:42,2015,7,1,0,0,0,0,0,0,0,0,0,0,0,0,0,0,0,0,0,0,0,0,0,0,0,0,0,0,0,0,0,0,0,0,0,0,0,0,0,0,0,0,0,0,0,0,0,0,0,0,0,0,0,0,0,0,0,0
460MC-15,43.517,-69.075,7/2/15 0:55,2015,7,1,0,0,0,0,0,0,0,0,0,15000,35000,0,15000,0,15000,0,0,0,0,0,0,0,0,0,0,0,0,0,0,0,0,0,0,15000,0,0,0,0,0,0,15000,0,0,0,0,0,0,0,0,0,0,0,0,0,0,0
460MC-17,43.563,-69.532,7/2/15 2:10,2015,7,1,0,0,0,0,15000,0,0,0,0,15000,0,0,35000,0,0,15000,0,0,0,0,0,0,0,0,0,0,0,0,15000,0,0,0,0,0,0,0,0,0,0,0,0,0,0,0,15000,0,0,0,0,0,0,0,0,0,0,0
461MC-1,43.147,-65.908,8/5/15 12:57,2015,8,2,15000,0,0,0,35000,0,0,0,0,0,15000,0,0,0,0,15000,0,0,0,0,0,0,0,0,0,0,0,0,0,0,0,0,0,0,0,0,0,0,0,0,0,15000,0,0,0,0,0,0,0,0,0,0,0,0,0,0
461MC-3,43.205,-66.357,8/5/15 14:35,2015,8,2,0,0,0,0,0,0,0,0,0,0,0,0,0,0,0,0,0,0,0,0,0,0,0,0,0,0,0,0,0,0,0,0,0,0,0,0,0,0,0,0,0,0,0,0,0,0,0,0,0,0,0,0,0,0,0,0
461MC-5,43.262,-66.808,8/5/15 16:15,2015,8,2,0,0,0,0,0,0,0,0,0,0,35000,0,0,0,0,0,0,0,0,0,0,0,0,0,0,0,0,0,0,0,0,0,0,0,0,0,0,0,0,0,0,0,0,0,0,0,0,0,0,0,0,0,0,0,0,0
461MC-7,43.315,-67.26,8/5/15 17:51,2015,8,2,0,0,0,0,0,0,0,0,0,35000,130000,0,35000,0,0,0,0,0,0,0,0,0,0,0,0,0,0,0,15000,0,0,0,0,0,0,15000,0,0,0,0,0,0,0,0,0,0,15000,0,0,0,0,0,0,0,0,0
461MC-9,43.368,-67.712,8/5/15 19:30,2015,8,2,0,0,0,0,0,0,0,0,0,35000,95000,0,0,0,0,0,0,15000,0,0,0,0,0,0,0,0,0,0,0,0,0,0,0,0,0,0,0,0,0,0,0,0,0,0,0,0,0,0,0,0,0,0,0,0,0,0
461MC-11,43.42,-68.167,8/5/15 21:08,2015,8,2,0,0,0,0,0,0,0,0,0,65000,170000,0,15000,0,0,0,0,0,0,0,0,0,0,0,0,0,0,0,15000,0,0,0,0,0,0,0,0,15000,0,0,0,0,0,0,0,0,0,15000,0,0,0,0,0,0,0,0
461MC-13,43.47,-68.62,8/5/15 22:46,2015,8,2,0,0,0,0,0,0,0,0,0,35000,95000,0,0,0,0,0,0,0,0,0,0,0,0,0,0,0,0,0,0,0,0,0,0,0,0,0,0,0,0,0,0,0,0,0,0,0,0,0,0,0,0,0,0,0,0,0
461MC-15,43.517,-69.075,8/6/15 0:24,2015,8,2,0,15000,15000,0,95000,0,0,0,0,35000,95000,0,15000,0,0,15000,0,15000,0,0,0,0,0,0,0,0,0,0,15000,0,0,0,0,0,0,15000,0,0,0,0,0,0,0,0,0,0,0,0,0,0,0,0,15000,0,0,0
461MC-17,43.562,-69.53,8/6/15 2:03,2015,8,2,0,35000,0,15000,35000,0,0,0,0,35000,35000,15000,0,15000,0,15000,0,15000,0,0,0,15000,0,0,0,0,0,0,0,0,0,0,0,0,0,0,0,0,0,0,0,0,15000,0,0,0,0,0,0,0,0,0,0,0,0,0
462MC-1,44.048,-62.938,9/9/15 14:16,2015,9,0,0,0,0,0,0,0,0,0,0,0,0,0,0,0,0,0,0,0,0,0,0,0,0,0,0,0,0,0,0,0,0,0,0,0,0,0,0,0,0,0,0,0,0,0,0,0,0,0,0,0,0,0,0,0,0,0
462MC-3,43.915,-63.363,9/9/15 15:54,2015,9,0,0,0,0,0,0,0,0,0,0,0,0,0,0,0,0,0,0,0,0,0,0,0,0,0,0,0,0,0,0,0,0,0,0,0,0,0,0,0,0,0,0,0,0,0,0,0,0,0,0,0,0,0,0,0,0,0
462MC-5,43.78,-63.785,9/9/15 17:33,2015,9,1,0,0,0,0,0,0,0,0,0,0,0,0,0,0,0,0,0,0,0,0,0,0,0,0,0,0,0,0,0,0,0,0,0,0,0,0,0,0,0,0,0,0,0,0,0,0,0,0,0,0,0,0,0,0,0,0
462MC-7,43.643,-64.207,9/9/15 19:09,2015,9,1,0,0,0,0,0,0,0,0,0,15000,0,0,0,0,0,0,0,0,0,0,0,0,0,0,0,0,0,0,0,0,0,0,0,0,0,0,0,0,0,0,0,0,0,0,0,0,0,0,0,0,0,0,0,0,0,0
462MC-9,43.507,-64.627,9/9/15 20:48,2015,9,1,0,0,0,0,0,0,0,0,0,0,0,0,0,0,0,0,0,0,0,0,0,0,0,0,0,0,0,0,0,0,0,0,0,0,0,0,0,0,0,0,0,0,0,0,0,0,0,0,0,0,0,0,0,0,0,0
462MC-11,43.367,-65.043,9/9/15 22:25,2015,9,2,0,0,0,15000,0,0,0,0,0,15000,15000,0,35000,15000,0,0,0,0,0,0,0,0,0,0,0,0,0,0,0,0,0,0,0,0,0,0,0,0,0,0,0,0,0,0,0,0,0,0,0,0,0,0,0,0,0,0
462MC-13,43.227,-65.458,9/10/15 0:04,2015,9,2,0,0,0,0,0,0,0,0,0,0,0,0,0,15000,0,0,0,0,0,0,0,0,0,0,0,0,0,0,0,0,0,0,0,0,0,0,0,0,0,0,0,0,0,0,0,0,0,0,0,0,0,0,0,0,0,0
462MC-15,43.155,-65.885,9/10/15 1:35,2015,9,1,0,0,0,0,0,0,0,0,0,0,15000,0,0,15000,0,0,0,0,0,0,0,0,0,0,0,0,0,0,0,0,0,0,0,0,0,0,0,0,0,0,0,0,0,0,0,0,0,0,0,0,0,0,0,0,0,0
462MC-17,43.213,-66.335,9/10/15 2:46,2015,9,2,0,0,0,0,15000,0,0,0,0,15000,15000,0,15000,0,0,0,0,0,0,0,0,0,0,0,0,0,0,0,0,0,0,0,15000,0,0,0,0,0,0,0,0,0,0,0,0,0,0,0,0,0,0,0,0,0,0,0
462MC-19,43.268,-66.785,9/10/15 3:58,2015,9,2,0,0,0,0,0,0,0,0,0,0,0,0,0,0,0,0,0,0,0,0,0,0,0,0,0,0,0,0,0,0,0,0,0,0,0,0,0,0,0,0,0,0,0,0,0,0,0,0,0,0,0,0,0,0,0,0
462MC-21,43.322,-67.238,9/10/15 5:08,2015,9,2,0,0,0,0,0,0,0,0,0,0,35000,0,0,0,0,0,0,0,0,0,0,0,0,0,0,15000,0,0,0,0,0,0,0,0,0,0,0,0,0,0,0,0,0,0,0,0,0,0,0,0,0,0,0,0,0,0
462MC-23,43.375,-67.692,9/10/15 6:21,2015,9,6.5,0,0,35000,0,35000,0,0,0,0,15000,225000,0,15000,0,0,0,0,0,0,0,0,0,0,0,0,0,0,0,35000,0,35000,15000,0,0,0,0,0,0,0,0,0,0,0,15000,15000,0,0,0,0,0,0,0,15000,15000,0,0
462MC-25,43.425,-68.145,9/10/15 7:31,2015,9,2,0,0,0,0,0,0,0,0,0,0,35000,0,0,15000,0,0,0,0,0,0,0,0,0,0,0,0,0,0,0,0,0,0,0,0,0,0,0,0,0,0,0,0,0,0,0,0,0,0,0,0,0,0,0,0,0,0
462MC-27,43.473,-68.598,9/10/15 8:43,2015,9,2,0,0,15000,15000,0,0,0,0,0,0,35000,0,0,0,0,0,0,0,0,0,0,0,0,0,0,0,0,0,0,0,0,0,0,0,0,0,0,0,0,0,0,0,0,0,0,0,0,0,0,0,0,0,0,0,0,0
462MC-29,43.52,-69.053,9/10/15 9:53,2015,9,2,0,0,0,0,0,0,0,0,0,0,35000,0,0,0,0,0,0,0,0,0,0,0,0,0,0,0,0,0,0,0,0,0,0,0,0,0,0,0,0,0,0,0,0,0,0,0,0,0,0,0,0,0,0,0,15000,0
462MC-31,43.565,-69.508,9/10/15 11:05,2015,9,2,0,0,0,0,0,0,0,0,0,35000,225000,0,0,15000,0,0,0,0,0,0,0,0,0,0,0,0,0,0,0,0,0,0,0,0,0,0,0,0,0,0,0,0,0,0,0,0,0,0,0,0,0,0,0,0,0,0
463MC-1,43.147,-65.908,10/15/15 1:46,2015,10,1,0,0,15000,15000,0,0,0,0,0,15000,0,0,0,0,0,0,0,0,0,0,0,0,0,0,0,0,0,0,0,0,0,0,0,0,0,0,0,0,0,0,0,0,0,0,0,0,0,0,0,0,0,0,0,0,0,0
463MC-3,43.205,-66.357,10/15/15 3:01,2015,10,1,0,0,0,0,0,0,0,0,0,0,15000,0,0,0,0,0,0,0,0,0,0,0,0,0,0,0,0,0,0,0,0,0,0,0,0,0,0,0,0,0,0,0,0,0,0,0,0,0,0,0,0,0,0,0,0,0
463MC-5,43.262,-66.808,10/15/15 4:18,2015,10,1,0,0,15000,0,0,15000,0,0,15000,35000,15000,0,0,0,0,0,0,0,0,0,0,0,0,0,0,0,0,0,15000,0,0,0,0,0,0,0,0,0,0,0,0,0,0,15000,0,0,0,0,0,0,0,0,0,0,0,0
463MC-7,43.315,-67.26,10/15/15 5:32,2015,10,1,0,0,0,0,170000,15000,0,0,0,35000,15000,0,0,0,0,0,0,0,95000,0,0,0,0,0,0,0,0,0,0,0,15000,0,0,0,0,15000,0,0,0,0,0,0,0,0,0,0,0,0,0,0,0,0,0,0,0,0
463MC-9,43.368,-67.713,10/15/15 6:48,2015,10,2,0,0,15000,0,15000,35000,0,0,0,65000,15000,0,15000,15000,0,0,0,0,15000,0,0,0,0,15000,0,0,0,0,0,0,225000,15000,0,0,0,0,0,0,0,0,0,0,0,0,0,0,0,0,0,0,0,0,15000,0,0,0
463MC-11,43.42,-68.167,10/15/15 8:02,2015,10,1,0,0,0,0,15000,15000,0,0,0,0,0,0,0,0,0,0,0,0,0,0,0,0,0,0,0,0,0,0,0,0,0,0,0,0,0,0,0,0,0,0,0,0,0,0,0,0,0,0,0,0,0,0,0,0,0,0
463MC-13,43.47,-68.62,10/15/15 9:19,2015,10,1,0,0,0,0,0,0,0,0,0,15000,0,0,15000,0,0,0,0,0,0,0,0,0,0,0,0,0,0,0,0,0,15000,0,0,0,0,0,0,0,0,0,0,0,0,0,0,0,0,0,0,0,0,0,0,0,0,0
463MC-15,43.517,-69.075,10/15/15 10:33,2015,10,1,0,15000,0,0,0,15000,0,0,0,0,35000,0,0,0,0,0,0,0,0,0,0,15000,0,0,0,0,0,0,0,0,35000,15000,0,0,0,15000,0,0,0,0,0,0,0,0,0,0,0,0,0,15000,0,0,0,0,0,0
463MC-17,43.563,-69.532,10/15/15 11:49,2015,10,1,0,95000,0,0,15000,15000,0,0,0,0,15000,15000,0,0,0,0,0,0,0,0,0,0,0,0,0,0,0,0,0,0,0,0,0,0,0,0,0,0,0,0,0,0,0,0,0,0,0,0,0,15000,0,0,15000,0,0,0
464MC-1,43.147,-65.925,11/18/15 22:35,2015,11,1,0,0,0,0,0,0,0,0,0,0,0,0,0,0,0,0,0,0,0,0,0,0,0,0,0,0,0,0,0,0,0,0,0,0,0,0,0,0,0,0,0,0,0,0,0,0,0,0,0,0,0,0,0,0,0,0
464MC-3,43.205,-66.375,11/18/15 23:53,2015,11,1,0,0,0,0,0,0,0,0,0,0,0,0,0,15000,0,0,0,0,0,0,0,0,0,0,0,0,0,0,0,0,0,0,0,0,0,0,0,0,0,0,0,0,0,0,0,0,0,0,0,0,0,0,0,0,0,0
464MC-5,43.262,-66.825,11/19/15 1:11,2015,11,1,0,0,0,0,0,0,0,0,0,0,0,0,0,0,0,0,0,0,0,0,0,0,0,0,0,0,0,0,0,0,0,0,0,0,0,0,0,0,0,0,0,0,0,0,0,0,0,0,0,0,0,0,0,0,0,0
464MC-7,43.315,-67.277,11/19/15 2:28,2015,11,1,0,0,0,0,0,0,0,0,0,0,0,0,0,0,0,0,0,0,0,0,0,0,0,0,0,0,0,0,0,0,0,0,0,0,0,0,0,0,0,0,0,0,0,0,0,0,0,0,0,0,0,0,0,0,0,0
464MC-9,43.368,-67.73,11/19/15 3:46,2015,11,1,0,0,0,0,0,0,0,0,0,15000,0,0,15000,15000,0,0,0,0,0,0,0,0,0,0,0,0,0,0,0,0,15000,0,0,0,0,0,0,0,0,0,0,0,0,0,0,0,0,0,0,0,0,0,0,0,0,0
464MC-11,43.42,-68.183,11/19/15 5:03,2015,11,1,0,0,0,0,0,0,0,0,0,0,0,0,0,0,0,0,0,0,0,0,0,0,0,0,0,0,0,0,0,0,0,0,0,0,0,0,0,0,0,0,0,0,0,0,0,0,0,0,0,0,0,0,0,0,0,0
464MC-13,43.47,-68.637,11/19/15 6:21,2015,11,1,0,0,0,0,0,0,0,0,0,0,0,0,0,0,0,0,0,0,0,0,0,0,0,0,0,0,0,0,0,0,0,0,0,0,0,0,0,0,0,0,0,0,0,0,0,0,0,0,0,0,0,0,0,0,0,0
464MC-15,43.517,-69.092,11/19/15 7:37,2015,11,1,0,0,0,0,0,0,0,0,15000,0,0,0,0,0,0,0,0,0,0,0,0,0,0,0,0,0,0,0,0,0,0,0,0,0,0,0,0,0,0,0,0,0,0,0,0,0,0,0,0,0,0,0,0,0,0,0
464MC-17,43.562,-69.547,11/19/15 8:56,2015,11,1,0,0,0,0,0,0,0,0,0,0,0,0,0,0,0,0,0,0,0,0,0,0,0,0,0,0,0,0,0,0,0,0,0,0,0,0,0,0,0,0,0,0,0,0,0,0,0,0,0,0,0,0,0,0,0,0
465MC-1,43.147,-65.918,12/25/15 14:52,2015,12,1,0,0,0,0,0,0,0,0,0,15000,0,0,0,0,0,0,0,0,0,0,0,0,0,0,0,0,0,0,0,0,15000,0,0,0,0,0,0,0,0,0,0,0,0,0,0,0,0,0,0,0,0,0,0,0,0,0
465MC-3,43.205,-66.368,12/25/15 16:30,2015,12,1,0,0,0,0,0,0,0,0,0,0,0,0,0,0,0,0,0,0,0,0,0,0,0,0,0,0,0,0,0,0,15000,0,0,0,0,0,0,0,0,0,0,0,0,0,0,0,0,0,0,0,0,0,0,0,0,0
465MC-5,43.262,-66.818,12/25/15 18:08,2015,12,1,0,0,0,0,0,15000,0,0,0,0,0,0,0,0,0,0,0,0,0,0,0,0,0,0,0,0,0,0,0,0,0,0,0,0,0,0,0,0,0,0,0,0,0,0,0,0,0,0,0,0,0,0,0,0,0,0
465MC-7,43.315,-67.27,12/25/15 19:44,2015,12,1,0,0,0,0,0,0,0,0,0,0,0,0,0,0,0,0,0,0,0,0,0,0,0,0,0,0,0,0,0,0,0,0,0,0,0,0,0,0,0,0,0,0,0,0,0,0,0,0,0,0,0,0,0,0,0,0
465MC-9,43.368,-67.723,12/25/15 21:22,2015,12,2,0,0,15000,0,15000,0,0,0,0,0,0,0,0,0,0,0,0,0,0,0,0,0,0,0,0,0,0,0,0,0,35000,0,0,0,0,0,0,0,0,0,0,0,0,0,0,0,0,0,0,0,0,0,0,0,0,0
465MC-11,43.418,-68.177,12/25/15 22:59,2015,12,2,0,0,0,0,0,0,0,0,0,35000,35000,0,15000,15000,0,0,0,0,0,0,0,0,0,0,0,0,0,0,0,0,0,0,0,0,0,0,0,0,0,0,0,0,0,0,0,0,0,0,0,0,0,0,0,0,0,0
465MC-13,43.467,-68.63,12/26/15 0:37,2015,12,1,0,0,0,0,0,15000,0,0,0,15000,0,0,0,15000,0,0,0,0,0,0,0,0,0,0,0,0,0,0,0,0,0,0,0,0,0,0,0,0,0,0,0,0,0,0,0,0,0,0,0,0,0,0,0,0,0,0
465MC-15,43.515,-69.085,12/26/15 2:13,2015,12,1,0,0,15000,0,0,0,0,0,0,0,0,0,0,0,0,0,0,0,0,0,0,0,0,0,0,0,0,0,0,0,0,0,0,0,0,0,0,0,0,0,0,0,0,0,0,0,0,0,0,0,0,0,0,0,0,0
465MC-17,43.56,-69.542,12/26/15 3:51,2015,12,1,0,0,15000,0,0,15000,0,0,0,15000,0,0,0,0,0,0,0,0,0,0,0,0,0,0,0,0,0,0,0,0,0,0,0,0,0,0,0,0,0,0,0,0,0,0,0,0,0,0,0,0,0,0,0,0,0,0